id,label
86e6f7fc2e7b,1
2a3e7156e716,1
9c4a194c95bf,3
6c72198b837c,1
5155dc4adbfe,3
fc35b51d0c96,3
8f038d7b59a7,3
d341610f500a,0
9d35d46f72a7,0
30ea7af4e270,0
e6f0c5907a90,0
404d0e8177d3,3
5a54860c581d,0
33d17e0c5286,3
e9df1ebdaeb6,1
a1b013e19a30,3
c25ddc1b2a5c,0
1f152230a0e9,3
324581bda273,0
23ff5c9385e6,3
3185c99a280c,0
39717b45603d,3
6c6805367fbe,3
687712003c09,3
376f7749d7f0,3
036d98828481,3
f42cc96121be,0
4759a8f2799d,1
f7205c6d3e14,0
a123b05489cc,3
a9bab46e4379,1
9247f5cd9983,0
b458e178680e,0
f8c8eb72f644,0
9063f9c98a45,3
98866e3f1510,0
4e8eccf3c18c,0
a94b06c8cb0d,0
6cd24c555316,3
0e3be5ccce83,1
45d2012e84ac,0
d2f7604c90ef,3
328db75fe262,3
703c6dbf7f44,0
0febae6ce749,0
ac8ee7ba09c3,0
c022e726f3ee,3
47d34976f82d,1
82881f8514b6,0
61c055c3a197,0
7496694afe66,0
d24009e79868,1
02f7e1669c9c,0
eed9a08cf26f,0
ac0ac80b76b3,3
bf4e0941067f,3
1cfa19643bf4,0
c6d64f0c4f7a,0
be3fb00ee53f,3
0808309ae31f,0
8039711c4931,3
1cf9da5b8b05,3
bef414e8eb4e,0
db03b2c955b3,3
e5b484703c9b,0
7877fc9bbdbf,0
bc89e71e3f71,3
83c9e0b35d12,0
dae029b817e4,0
b145a052cc0d,3
063fe3c2f84a,0
c48b3987b953,1
f9de3c9c37a0,1
262060ca5097,1
49fa6b1599f3,0
91cbc19026b0,0
7b2962c1f19a,0
99ecbcf09cde,0
7a5fdc727912,0
9aca4e4e635e,3
4d27f52d89cd,3
cd68167ae7f0,1
8ca5f4b07371,3
708be459ee0d,0
9cabcb9ae6ef,1
48762e6dd6aa,0
4a67a1e895c6,1
8ece5e416bc1,0
da8a5bf019b2,3
56b92b0b6a67,3
d094ec3985fe,1
5e31012cf36f,3
c65f9fa81e11,0
19bab82fcdd7,0
799f7095dc3e,1
48c6da71e858,1
76fd03914ad8,3
8dbda2a962ac,1
9e2d25cb0744,3
d0b70902f060,0
4bb32ccbf148,0
5b5469f4c4f8,0
1b94af5f1b8b,0
2392f4a3b3d6,3
84371aa69807,0
17360f186456,1
c5daa266cccb,0
f72824986dab,0
38dcf0e571b2,3
a7493744cf9f,0
3423b13d41be,0
9066875128b2,0
4f4a08520378,3
2c95f3fe15c5,0
5ced5a00cb8c,3
cc81458d2c6e,0
657b261427e6,3
64614f3f8903,0
9e6257b28af9,1
66b111222476,0
db36afc349fd,0
f4b57b9c79af,0
a5568445f119,0
8fe097c3bcfe,3
72e620a9848b,0
05137d52f72e,0
cea43be4152b,0
c5c1bf6a7a8b,3
00914c59eb34,3
d1ca3c182c74,1
64b004ec183f,0
4206e3fbcc89,0
7e260e43847b,0
fac92ccdc813,3
5d2c5a5c1953,0
10bcb70383e8,2
53306012bd5b,0
3c987db17cac,1
8cece78c6ae9,3
abdb90d1ed6e,1
395d764d61b9,0
2318f1077f34,0
27162413a0c4,1
7b7f9503ed76,1
b5709dab2a31,0
3a31beb98233,1
3ba9b2b02486,1
cbd55a15f62a,0
1ce6a1f71f0e,0
112866d55281,0
bc3d6d04d0d2,1
e46fc65f93b5,0
5818933a93f5,0
cb36a9ce559b,0
38397efd51d7,0
5f18863552cd,0
238436d17a35,0
c062b6a10175,0
c42d3ca495c1,0
47481dc30ab6,0
d82710bb17eb,0
ce34bdc68ec8,0
ca83d0aced17,3
926d504f9f7d,3
8574344d5c01,0
6907496d9a1e,1
f937cd642550,0
28d89b06bd91,3
565da4234ccc,0
aaf7a8dedcf0,0
aea3a2655d7c,0
03e185421340,0
8e2e43d5c391,3
ef48510da4f2,0
f58c64e3a516,0
39ac5f5142c0,0
4b85745d1962,1
541c24b1d581,3
37e87c0f318e,0
b60a79982caf,0
9c9781e572b7,0
37be331557f3,0
f9aa8aaff76d,0
85aabb8490f3,0
8adb42d9678a,0
6fc884a3fb3c,0
d983abbab6d4,3
906d3be2f560,3
f740a683d4db,0
3925f2a63bea,2
9d1fafbb062f,1
541c4b3321e3,0
b2051602a61c,3
d02837324dd0,3
6a4902824943,2
aed679f56701,0
a4e55ef77c15,0
5485fe8a20ad,0
e414312876f9,0
9c19cf6d2de3,3
9e2258f5071c,0
8555df7e0899,0
ba9c49802337,1
0e92e9244cb7,0
f4813b7a3c10,1
a1b3835c5f4a,3
eb44e242b0a1,3
b8939ebc67b7,3
5ab80fbfe0fa,1
25bca7854690,3
ac8292ac3733,1
01a9007bd9ef,1
49ac1eaed6a8,3
3fb07336ca71,0
42592c2a9cae,1
ad390a8ffecd,0
3e922e5f6280,0
f9c1585d3950,3
3378a1b7ae09,0
cf25e2489dc1,3
47af4b488a5a,1
38ea5f8b11ed,3
adb8d07278a1,3
1d544f6e54b8,0
0662e128d84b,3
8e31b215b795,3
653417999f36,3
e1e9db6f7321,0
b6dbf5b466fb,1
3f928183489c,1
dabf2161a133,0
b346c9ce48a3,3
192a3d3ee414,3
eaf236ad790c,1
494649870f38,3
48d7e2770f9f,0
8d286c37589c,0
44a1d3cef7fe,2
435eee731207,3
a0053e81a29c,3
dd7aca706b67,3
fb0eba5294ea,1
61e6a32cbf08,0
b16460821133,1
7cdbdb44b8c5,3
923676c0fee8,0
086bdba93c37,3
6fc25e207f97,0
c19da8396d18,0
3036d425af16,0
de01844eecc0,0
3146e8bc6afb,0
784375599c7d,3
87e870f6c080,3
4cec8d2ae779,0
08a92ea1998e,3
d95ad9aecfba,0
f40e298bf4e0,3
138f3912bc48,1
3f2e02306f85,0
c49780e75dd2,3
c1ce5c083a09,3
4eefcf661576,1
e72646bebb81,3
8cc6b71c9c11,0
19e5f7e69a7b,3
fef9f69dbb22,3
0dff7d76705b,3
23a3223b5739,3
ae4a05938f6e,0
8a8b7b8563bc,3
0f3ad3c77afd,3
f5decc7795c6,3
19ee7b0a8a55,3
f6977edc14ab,3
9392c0c5d1e4,0
c6c23210ec0a,0
5244041e00da,0
a441e563e04a,0
830e4106db30,0
71fc77979607,0
eebc053eebe8,3
7e83d83dc3a7,1
6f331f1dec4d,0
bbd0565642a5,1
73ada204d7bd,0
71f67e5d7b7a,0
53eb4b57b1bf,3
7eff759765b9,1
d52018bcb0ac,3
1c71ec9f30b0,0
b9fdcfbc953d,3
92d06d657dd5,3
7fa7cdeb9267,3
5202dc9d5ddf,0
65f9c7b153ae,3
03de6f380f0f,2
cf558a23726f,3
08b8f364b35a,0
a742b0515f96,0
826e74621a4f,0
c85e7941a5fc,0
7f0a84e8adf0,0
f49c08138884,0
f9d34a8120be,0
467abd56abd2,0
2b68bdbd1c9b,0
1ac9b0f91f79,3
3740e5d18e0b,1
aacb9ca2193a,0
276c796e460f,0
1100a167c281,0
9ad984a5cba6,3
b109be753040,3
a9adb6aaa3f7,3
a65c23c2fdef,1
c1e8e58ca345,0
743f2a62ade8,3
3db866e6b388,0
e5640ba418d4,1
b294fe5fb68a,0
dca9661b498c,1
3a0726484560,3
cc9460417ec5,3
28b1ea7ce86b,1
a156b3baefb7,1
a096baf3a58e,0
3020f8c1de28,0
39c3ab1109a4,0
be5111a9becd,0
f68aa5fe82c5,2
498e8a4e03a6,1
5a3408372601,0
c4bf00036b79,3
35c9ba9d358c,0
d726778c654f,3
0c8084ce8e99,0
a5bb142576da,0
d1f2b32d447f,0
dbf1a4dbb6ab,0
3b1d4e134e17,0
89d7486a5d01,0
2541f92a44c5,0
b9990df4dea0,0
dd632ce21732,0
acba888a5a44,3
b9954da2bdd4,0
d27990a3dbd2,0
dfe827228075,3
6cd0c2a0e6b8,0
02fecb15376a,3
175232af4005,3
8b5dc9913ca4,1
10b7867a937a,3
36e003cb537b,3
631e0a5b17da,0
b9aaf20ada47,0
96f45fd0d103,3
e1e43efafc76,0
7f4c0c6419c9,0
430cd585fb0c,0
65a54918eed5,3
ee49415c2675,0
55545b6e00da,1
6eb2670cf8cb,3
769bad5ee31c,0
99e7362372a2,0
c4e7d023aab1,1
865d81b6ac6b,0
86230003375d,1
3dfac753fe37,1
892eb980cd49,0
d5266eb1f780,3
8b4d37a48307,0
97d609ac6126,0
d32448fbe44c,3
aa36fbec2ceb,0
a29ea15498b1,3
c86c381ea540,0
476a682083ed,0
975ef44ca7f6,1
758e2457245c,1
6c7834f099d7,3
48ce0b4abad8,3
0d66a8cf4d1f,0
ebd096fdf53c,3
d8b674d3a7c8,3
730067a1fe43,0
28c7b02d9459,3
81b494a2da22,3
d6c4074c182d,1
b9ac3f6831cb,1
4883826d3e4f,0
36d235933420,0
f4a16ffbbe4d,0
bdd4018d3b9b,0
f18bb2495d9e,0
d1054152ff40,3
4a4f72b50826,0
24d08df6fdfb,3
fad5ddcf73f5,1
26b9e6f2864e,0
e64ddd276651,1
e6824679e270,3
ef631786eda3,0
452651d2f03d,0
802e8798762e,3
e2b231909bf3,0
65e542ffd39d,0
b802e1e9d5d4,2
ec6e713fb4d3,1
c9ad1c5e602d,3
d817356cee04,3
fb9e3ecd0bc5,1
f1f0cdf2a5c0,0
073e5ff84485,3
94ca0aa8889d,3
642d25dfa94c,0
24377ef1cca6,3
3dd10740aecc,0
5baa2fcbddaa,0
96d65a1f9448,0
eb1b5732b2b7,0
b61a3991564a,3
cdf09209398c,0
7656c4fbbaea,3
cbd4610ed672,1
667c9e20a33a,0
ff1f8254bd72,3
24421cbea921,0
f50505a6b08a,0
502e7f5c1c9b,3
316a99979d73,3
690640d848a4,1
a7060880a778,1
e0d31247d04b,0
5f5212118956,1
ba0659e28298,0
dd3282a8bd16,0
ebdb4effba85,3
5f36ca30a7f1,0
f7a197e56f90,1
1ef756d4acd4,3
131f6ad979a0,0
6237e34b52e0,0
5541b48fc324,3
ed938b6f2b73,3
953d1bee030f,3
3e86466608a0,0
67b661bddda5,0
1b92b75f3015,1
150268b20fe7,0
a8780ebead50,3
55c526d3f9cb,0
7962cf7709a0,0
158b0babf8d3,0
147dbfbb65eb,0
ec3e86826f59,0
917603fb03fa,3
3ad0fe5c67fa,1
00521a7fb282,3
89cc396aa709,3
357be5ae23a8,0
cca81941aa55,1
a7af048c4320,0
ffe663969320,0
ed02ba964303,3
0b50c151efc1,0
9e4ead9eabe3,0
e3d226b470ae,3
e7ecd5be59de,0
9f64df2d7c88,3
137926d0b215,0
880b7d63d9b0,3
e9ad8e9f4697,3
06bf23bc8b47,0
f94c5fb1de60,0
88b1083bdeeb,3
6db4cb9ec7ab,0
9eccad1d652e,0
b96f438035f7,0
21d52c27cb4a,1
be1183ea0a6f,1
aab737674106,3
203099e14afa,0
bc5450334627,0
40ab490ecba5,0
5832b39e3ebd,0
a125c0e53468,1
567784eb3c87,0
dada21bc7f87,1
89c146cbf201,0
7a9e26dc17df,0
ffbe1a05eddb,0
c81638de957b,0
8cb9f9b9ebce,0
10c6aad7b9b9,1
bdc9e4bbe3e6,0
f25d16acf5a9,1
9c1d4f72401c,0
2e6cca1f31a8,1
ba57aec46786,1
7b2f3c6fb757,3
e0ad69d368c3,3
f11b30c90427,0
e92dbd26e8de,0
d7ae584338f5,3
fb93b30c662d,3
8a6800b860e0,3
3ae749ea84c7,0
4937bd62108c,1
0075a69100d8,0
52df3b8f613e,0
5b45ac11aa5d,0
0d5c5d260516,0
59916802818f,0
38a9d538b0cf,0
9aa4011bed63,0
838ce5ca0b06,0
e6c866310d3e,0
601f5dd5ca05,0
e3af7306e58a,0
f776dfe67f6b,3
46c6419c076d,3
7792a5916bcc,0
d1a4283da8f2,3
3f32e81bf816,0
383a91b3fc61,3
276fba62d85e,3
edd3fce440f3,0
fb9ce69a83ef,0
3e89a4ad37d2,2
a2e174d43ea5,3
28b11cb6f053,1
4e8076f6bbc8,1
cb61f0b63adc,3
c99cf83c3fea,3
c03b20062e29,1
48ce1f970f44,0
56869ed285df,1
41f6d45938cf,3
451ee3812075,0
d45fa74e8a22,0
827cead6bc24,3
9e1abadd146e,3
ff5ec1d5f730,0
9fc934b78d51,0
3fe332590824,0
0de778244ea6,0
ceb1e3324726,0
901c0e629a24,3
98404a9fa632,2
476792dd8b1c,3
f8d4fcc1d2d0,3
0cdb30ef576b,0
5b772baa364e,3
235fd950c37d,0
8d909a84d8ad,0
946cce2687b9,0
903c2765c16a,1
cb34b66ae265,0
77de7894f58a,1
98211fb772dc,3
837f120ec285,0
8c8c3b8b21fc,3
fc03e720795a,0
3f02ca6b10a9,1
8afabc091c4f,0
a98da48dba9f,0
f77337af71cb,1
fa7a9ccc9270,3
1b803a0a1776,3
ed14caadf560,1
eb331939232b,0
9aeb0058957f,0
cef117cf8016,3
d049dc5c3621,0
75393029033,3
b27893f694ad,0
10bb10c133da,0
f9853f202470,3
c93df7c0794a,0
8c780c05fbf1,1
e06c8cb492fd,0
ba477e17c901,3
ea1f1e5ec29f,0
7bd4c21dec0b,0
7eebdfc40492,0
73e2579c1960,3
3f13c8a2ba8a,1
5c65d62f7a38,0
c70172e874ba,0
3281973a9396,1
32a07e5d51db,2
8a045e4dc675,1
761fee261d44,0
1955efffb76b,3
16c3bcb895c5,3
df9d2e0fe914,0
b001604b1e9d,0
0dc4ded4c644,0
9aeacee5ffa9,3
4e946739c498,1
75374e04f099,1
7dae84a02d75,3
cb91d2d7b37c,0
c24f8251a065,0
56323ef4d336,0
324240616651,3
0af02325bdba,1
8004675bead3,0
43d4d5252aea,1
39c11960e4f4,0
e4079757d18f,0
e94423770a11,1
136c0f3c52a9,0
331d8a7c936f,1
21118271410,0
05cf12334399,2
bf2ac88de4ae,0
f6989a41b4c3,3
342228fc789e,0
1d6027954b4e,3
34fdcb17a10b,1
cb9d4a57f363,0
296fdb7f0f99,1
1d5b8af0a7b6,3
fda83248427f,0
ec11204238c1,3
e1ad04728f58,3
8eed40fe8aee,0
12da7164d426,1
5c77a19c3300,0
cc440463108e,2
d52e5cddbd54,0
69ff68a3c0a1,3
af2dce6426eb,0
1fda5c484de7,0
727d30b57c49,3
d40e1a33e901,0
59feaaa94720,1
f7405a34cde9,0
5de540f48052,0
79f534eddb5c,0
02fb4bdcacba,1
b7882808a846,3
f6f8429be8e4,0
e3a66b7257b4,1
07d3fda425d2,3
85f53d69cf7c,0
446f879b5f97,3
43b948a49c52,0
79f185b13f04,3
f16e7323d783,0
402ef55cd485,0
5ad569e2ff2a,1
82a2360c23ff,3
fba974d4b209,0
cc791935f946,0
809926c9cbcc,1
4aa9f89a7dc7,0
1d431a9f0a65,0
b41ff8f64f82,0
bd4284699745,1
3ed2b3ebe187,0
f9a55051c838,0
feaa3a0da40a,0
546c1cc15202,1
4f685e29dcb1,1
1c5819a0a689,0
5d477c665162,0
99f08b8b0fbd,3
37471fbfc1d0,0
5768c46401e3,3
ed24c9d0981c,0
65f16a4b8987,3
23ab68d59f09,3
7d8b23602c45,3
7507d88fec48,1
1eee68299f1d,0
68a35f73648f,0
a5a88da85d3e,3
3bcd12bc3af9,1
018e97f24114,1
5d968f463ce7,3
87cb070a701d,0
8140e576e818,3
c8c04a23b475,3
6d71db6c1822,1
3041b44d336d,1
65099bb77028,0
729f4857e564,0
e40873c1e5b8,3
d65f4a0b5acf,1
dd94eed909ca,3
2321e4d71b2e,0
f5268721a00e,0
75fbd61a9237,0
ee096bd952f7,0
2c0418b1f7f4,0
b516dd4d6921,3
45d5a7bd1bc0,1
a1db1c945819,1
2a098d59a94d,3
7577984ec9bc,0
8332bc73d3e8,3
c0b831e3138d,0
7c4dae60a23c,3
296926747de6,0
b4c421c6404c,0
3fd558148ca0,0
28110674126d,3
ea7fc1bc22b1,3
7822db661a05,0
4b2a27308de1,0
54c5c1cdfd19,0
c77dd65c2fa7,1
538110a8a94a,0
9dbd1591b5c1,3
be63cfade53a,0
916997e674b8,3
bca67467150d,0
10f492782378,1
2da0abb3c8dd,0
5ef0de1de5bb,2
9132bb8b925c,0
eedc7bc72f0a,3
7b165bf8b0af,0
6bf8adcf4ae5,0
dc950256bc0e,0
60a443f5207b,0
